{
  "servers": {
    "CHEUPIURCSAPP04": [
      {
        "value": "sh /ur01/batch/drill_start-bankconsumer.sh 1,2,3,4,5",
        "text": "sh /ur01/batch/drill_start-bankconsumer.sh 1,2,3,4,5"
      },
      {
        "value": "sh /ur01/batch/drill_start-txnconsumer_upi_billion_hyd.sh 1,2,3,4",
        "text": "sh /ur01/batch/drill_start-txnconsumer_upi_billion_hyd.sh 1,2,3,4"
      },
      {
        "value": "sh /ur0",
        "text": "sh /ur01/batch/"
      }
    ],
    "CHEUPIURCSAPP05": [
      {
        "value": "sh /ur01/batch/drill_start-bankconsumer.sh 1,2,3,4,5",
        "text": "sh /ur01/batch/drill_start-bankconsumer.sh 1,2,3,4,5"
      }
    ],
    "C:/": [
      {
        "value": "dir C:\\",
        "text": "Command: dir"
      },
      {
        "value": "ipconfig",
        "text": "Command: ipconfig"
      },
      {
        "value": "tail -500f /ur01/bankconsumer/8001/logs/bankconsumer.log",
        "text": "Command: tail -500f /ur01/bankconsumer/8001/logs/bankconsumer.log"
      }
    ],
    "D": [
      {
        "value": "dir",
        "text": "Command: dir"
      },
      {
        "value": "mkdir",
        "text": "Command: mkdir"
      }
    ]
  }
}